source,target,status,reason
"/locations/maryland/accokeek/","/locations/accokeek-md/",301,"legacy WordPress location URL"
"/locations/virginia/aldie/","/locations/aldie-va/",301,"legacy WordPress location URL"
"/locations/virginia/alexandria/","/locations/alexandria-va/",301,"legacy WordPress location URL"
"/locations/virginia/annandale/","/locations/annandale-va/",301,"legacy WordPress location URL"
"/locations/virginia/arlington/","/locations/arlington-va/",301,"legacy WordPress location URL"
"/locations/virginia/ashburn/","/locations/ashburn-va/",301,"legacy WordPress location URL"
"/locations/maryland/bethesda/","/locations/bethesda-md/",301,"legacy WordPress location URL"
"/locations/maryland/bowie/","/locations/bowie-md/",301,"legacy WordPress location URL"
"/locations/virginia/bristow/","/locations/bristow-va/",301,"legacy WordPress location URL"
"/locations/virginia/centreville/","/locations/centreville-va/",301,"legacy WordPress location URL"
"/locations/virginia/chantilly/","/locations/chantilly-va/",301,"legacy WordPress location URL"
"/locations/maryland/columbia/","/locations/columbia-md/",301,"legacy WordPress location URL"
"/locations/virginia/dumfries/","/locations/dumfries-va/",301,"legacy WordPress location URL"
"/locations/virginia/fairfax/","/locations/fairfax-va/",301,"legacy WordPress location URL"
"/locations/virginia/falls-church/","/locations/falls-church-va/",301,"legacy WordPress location URL"
"/locations/virginia/gainesville/","/locations/gainesville-va/",301,"legacy WordPress location URL"
"/locations/maryland/gaithersburg/","/locations/gaithersburg-md/",301,"legacy WordPress location URL"
"/locations/maryland/germantown/","/locations/germantown-md/",301,"legacy WordPress location URL"
"/locations/maryland/glen-burnie/","/locations/glen-burnie-md/",301,"legacy WordPress location URL"
"/locations/maryland/indian-head/","/locations/indian-head-md/",301,"legacy WordPress location URL"
"/locations/maryland/laurel/","/locations/laurel-md/",301,"legacy WordPress location URL"
"/locations/virginia/leesburg/","/locations/leesburg-va/",301,"legacy WordPress location URL"
"/locations/virginia/manassas/","/locations/manassas-va/",301,"legacy WordPress location URL"
"/locations/maryland/potomac/","/locations/potomac-md/",301,"legacy WordPress location URL"
"/locations/maryland/silver-spring/","/locations/silver-spring-md/",301,"legacy WordPress location URL"
"/locations/virginia/springfield/","/locations/springfield-va/",301,"legacy WordPress location URL"
"/locations/virginia/stafford/","/locations/stafford-va/",301,"legacy WordPress location URL"
"/locations/maryland/upper-marlboro/","/locations/upper-marlboro-md/",301,"legacy WordPress location URL"
"/locations/maryland/waldorf/","/locations/waldorf-md/",301,"legacy WordPress location URL"
"/locations/virginia/warrenton/","/locations/warrenton-va/",301,"legacy WordPress location URL"
"/carpet-cleaning-in-dc/","/locations/washington-dc/",301,"legacy DC landing page"
"/carpet-cleaning-in-montgomery-county-maryland/","/locations/",301,"legacy county landing page"
"/residential-and-commercial-carpet-cleaning-arlington-va/","/locations/arlington-va/",301,"legacy Arlington landing page"
"/carpet-cleaning/","/services/",301,"legacy service page"
"/area-rug-cleaning/","/services/",301,"legacy service page"
"/furniture-cleaning/","/services/",301,"legacy service page"
"/upholstery-cleaning-services/","/services/",301,"legacy service page"
"/pet-stain-odor-removing/","/services/",301,"legacy service page"
"/mattress-cleaning/","/services/",301,"legacy service page"
"/wood-floor-cleaning/","/services/",301,"legacy service page"
"/tile-and-grout-cleaning/","/services/",301,"legacy service page"
"/water-restoration-services/","/services/",301,"legacy service page"
"/commercial-carpet-cleaning-services/","/services/",301,"legacy service page"
"/residential-carpet-cleaning-services/","/services/",301,"legacy service page"
"/disinfection-service/","/services/",301,"legacy service page"
"/get-free-estimate/","/#form",301,"legacy estimate page"
"/2022-update-on-mattress-cleaning-cost-is-it-worth-it/","/blogs/update-on-mattress-cleaning-cost-is-it-worth-it/",301,"legacy article page"
"/furniture-and-upholstery-cleaning-in-washington-dc/","/locations/washington-dc/",301,"legacy service and city landing page"
"/furniture-and-upholstery-cleaning-in-springfield-va/","/locations/springfield-va/",301,"legacy service and city landing page"
"/furniture-and-upholstery-cleaning-in-manassas-va/","/locations/manassas-va/",301,"legacy service and city landing page"
"/furniture-and-upholstery-cleaning-in-falls-church-va/","/locations/falls-church-va/",301,"legacy service and city landing page"
"/furniture-and-upholstery-cleaning-in-fairfax-va/","/locations/fairfax-va/",301,"legacy service and city landing page"
"/furniture-and-upholstery-cleaning-in-chantilly-va/","/locations/chantilly-va/",301,"legacy service and city landing page"
"/furniture-and-upholstery-cleaning-in-bowie-md/","/locations/bowie-md/",301,"legacy service and city landing page"
"/furniture-and-upholstery-cleaning-in-bethesda-md/","/locations/bethesda-md/",301,"legacy service and city landing page"
"/furniture-and-upholstery-cleaning-in-arlington-va/","/locations/arlington-va/",301,"legacy service and city landing page"
"/furniture-and-upholstery-cleaning-in-annandale-va/","/locations/annandale-va/",301,"legacy service and city landing page"
"/furniture-and-upholstery-cleaning-in-alexandria-va/","/locations/alexandria-va/",301,"legacy service and city landing page"
